n,time,r
1,230497,7
2,203483,7
3,208905,7
4,213707,7
5,242144,7
6,201559,7
7,208304,7
8,249973,33
9,242305,92
10,228833,92
11,283443,92
12,342793,289
13,211993,289
14,237985,289
15,289788,360
16,217446,360
17,206500,360
18,235830,360
19,424517,426
20,235849,426
21,221115,426
22,401573,426
23,214008,426
24,218388,426
25,240962,426
26,383952,426
27,276065,426
28,208204,426
29,542197,426
30,443382,426
31,294288,426
32,211301,426
33,826942,477
34,241694,477
35,330895,477
36,183977,477
37,207211,477
38,391580,477
39,282180,477
40,209648,477
41,382348,477
42,192737,477
43,333893,477
44,224663,477
45,494453,477
46,270341,477
47,646996,492
48,251186,492
49,276105,492
50,848905,637
51,302027,637
52,211181,637
53,912606,637
54,447582,637
55,216945,637
56,366169,637
57,271885,637
58,305405,637
59,441037,637
60,273479,637
61,235669,637
62,335266,637
63,244380,637
64,912867,639
65,363122,639
66,851872,674
67,209757,674
68,217636,674
69,195454,674
70,513990,674
71,235359,674
72,229735,674
73,362691,674
74,250756,674
75,295451,674
76,490083,763
77,218448,763
78,242195,844
79,316030,844
80,357098,844
81,396030,844
82,673739,844
83,243899,844
84,308472,844
85,351344,844
86,212845,844
87,217928,844
88,1942721,877
89,182223,877
90,203333,877
91,237053,877
92,267946,877
93,337320,877
94,1125020,924
95,245472,924
96,357538,924
97,349189,924
98,268156,924
99,260378,924
100,397453,924
101,315960,924
102,273469,924
103,865074,924
104,296975,924
105,206380,924
106,372434,924
107,233153,924
108,309605,924
109,222268,924
110,2158733,1025
111,339786,1025
112,376644,1025
113,513839,1025
114,390687,1025
115,285788,1025
116,222197,1025
117,217195,1025
118,679202,1029
119,319669,1029
120,314777,1029
121,349579,1029
122,189439,1029
123,502373,1029
124,224513,1029
125,193309,1029
126,241894,1029
127,338102,1029
128,453025,1029
129,218238,1029
130,377586,1029
131,232882,1029
132,283814,1029
133,263125,1029
134,391770,1029
135,241273,1029
136,262252,1029
137,337962,1029
138,219260,1029
139,416809,1029
140,183375,1029
141,193960,1029
142,1981423,1029
143,353920,1029
144,410815,1029
145,241443,1029
146,248269,1029
147,294108,1029
148,219291,1029
149,478546,1029
150,189209,1029
151,246595,1029
152,226197,1029
153,355674,1029
154,443092,1029
155,199323,1029
156,573320,1029
157,263144,1029
158,235649,1029
159,235880,1029
160,230547,1029
161,212264,1029
162,948240,1136
163,353549,1136
164,253191,1136
165,191595,1136
166,430191,1136
167,333892,1136
168,289026,1136
169,229144,1136
170,451462,1136
171,447262,1136
172,245192,1136
173,418935,1136
174,242816,1136
175,311068,1136
176,1554449,1136
177,283452,1136
178,288083,1136
179,232131,1136
180,253502,1136
181,351434,1136
182,208043,1136
183,263455,1136
184,504026,1136
185,267425,1136
186,329221,1136
187,351625,1136
188,1347618,1195
189,230958,1195
190,946076,1213
191,242446,1213
192,196126,1213
193,350622,1213
194,277499,1213
195,239348,1213
196,194813,1230
197,406024,1230
198,1121602,1288
199,288024,1288
200,369257,1288
201,271203,1288
202,280005,1288
203,227840,1288
204,223751,1288
205,222027,1288
206,325713,1288
207,241954,1288
208,197038,1288
209,218569,1288
210,220824,1288
211,481714,1288
212,243438,1288
213,603783,1288
214,284997,1288
215,261531,1288
216,247708,1288
217,374138,1288
218,283874,1288
219,207372,1288
220,423696,1288
221,443102,1288
222,253782,1288
223,240691,1288
224,429840,1288
225,225786,1288
226,235038,1288
227,255837,1288
228,232963,1288
229,217466,1288
230,1960514,1421
231,254454,1421
232,226437,1421
233,230568,1421
234,338323,1421
235,246184,1421
236,359985,1421
237,215191,1421
238,233625,1421
239,1068877,1421
240,197218,1421
241,224463,1421
242,496779,1444
243,264037,1444
244,206821,1444
245,203353,1444
246,311549,1444
247,320932,1444
248,722775,1444
249,244249,1444
250,223260,1444
251,241944,1444
252,403417,1444
253,187445,1444
254,182152,1444
255,721662,1444
256,216163,1444
257,298138,1444
258,181361,1444
259,237003,1444
260,618668,1444
261,756295,1597
262,225285,1597
263,243879,1597
264,202481,1597
265,3510221,1597
266,313765,1597
267,389916,1597
268,195694,1597
269,266974,1597
270,205177,1597
271,216785,1597
272,353980,1597
273,243688,1597
274,249973,1597
275,212204,1597
276,1509443,1735
277,340658,1735
278,181751,1735
279,985700,1735
280,269881,1735
281,353699,1735
282,215041,1735
283,390076,1735
284,314125,1735
285,296283,1735
286,248981,1735
287,413963,1735
288,487287,1735
289,296193,1735
290,258203,1735
291,255015,1735
292,232743,1735
293,249622,1735
294,464493,1735
295,186483,1735
296,272507,1735
297,570955,1735
298,245804,1735
299,189249,1735
300,224804,1735
301,308452,1735
302,301585,1735
303,229465,1735
304,479338,1735
305,1119197,1794
306,274662,1794
307,230196,1794
308,254134,1794
309,1855905,1794
310,240661,1794
311,641052,1794
312,209377,1794
313,189530,1794
314,266432,1794
315,411296,1794
316,268076,1794
317,213256,1794
318,210430,1794
319,192507,1794
320,493361,1794
321,215512,1794
322,209607,1859
323,262223,1859
324,237664,1859
325,212134,1859
326,247939,1859
327,241322,1859
328,602179,1859
329,270402,1859
330,735195,1859
331,274391,1859
332,599222,1859
333,366971,1859
334,287071,1859
335,383911,1859
336,286019,1859
337,525618,1859
338,191063,1859
339,328079,1859
340,349509,1859
341,350973,1859
342,497260,1859
343,229645,1859
344,326335,1859
345,304653,1859
346,2154474,1947
347,268547,1947
348,223070,1947
349,186052,1947
350,302538,1947
351,583996,1947
352,224723,1947
353,344388,1947
354,215220,1947
355,505931,1947
356,206369,1947
357,314567,1947
358,294960,1947
359,221065,1947
360,374098,1947
361,274983,1947
362,180639,1947
363,188858,1947
364,539981,1947
365,249853,1947
366,207182,1947
367,186903,1947
368,207542,1947
369,1080405,1947
370,239819,1947
371,230838,1947
372,291572,1947
373,495176,1947
374,189209,1947
375,372775,1947
376,190682,1947
377,191715,1947
378,454468,1947
379,371061,1947
380,205818,1947
381,223651,1947
382,237283,1947
383,1252904,1947
384,266352,1947
385,702949,2064
386,279013,2064
387,259707,2064
388,267124,2064
389,553434,2151
390,320251,2151
391,247968,2151
392,485512,2151
393,215200,2151
394,204495,2151
395,291261,2151
396,259817,2151
397,373827,2151
398,234166,2151
399,1070170,2151
400,296473,2151
401,194943,2151
402,216274,2151
403,303701,2151
404,1779263,2225
405,385164,2225
406,291201,2225
407,212134,2225
408,261029,2225
409,200757,2225
410,220944,2225
411,258253,2225
412,576919,2225
413,218900,2225
414,360385,2225
415,227189,2225
416,298549,2225
417,189340,2225
418,207212,2225
419,644149,2225
420,257882,2225
421,239268,2225
422,235679,2225
423,206610,2225
424,192277,2225
425,205999,2225
426,183926,2225
427,693225,2225
428,253492,2225
429,732990,2253
430,210479,2253
431,186162,2253
432,208495,2253
433,224954,2253
434,1137680,2296
435,190141,2296
436,202351,2296
437,286771,2296
438,234717,2296
439,184187,2296
440,210951,2296
441,293186,2296
442,252419,2296
443,285678,2296
444,225395,2296
445,802635,2296
446,232922,2296
447,234917,2296
448,870466,2396
449,783780,2396
450,224513,2396
451,516316,2396
452,197048,2396
453,213917,2396
454,371933,2396
455,371652,2396
456,330094,2396
457,210389,2396
458,278751,2396
459,534779,2396
460,575155,2396
461,530719,2396
462,221195,2396
463,210821,2396
464,339175,2396
465,270382,2396
466,919242,2396
467,209096,2396
468,256319,2396
469,563998,2396
470,312180,2396
471,478445,2396
472,228613,2396
473,192717,2396
474,298298,2396
475,237674,2396
476,187405,2396
477,287172,2396
478,215832,2396
479,497591,2396
480,203433,2396
481,208936,2396
482,202881,2396
483,258183,2396
484,208455,2396
485,207072,2396
486,337631,2396
487,212023,2396
488,251727,2396
489,221465,2396
490,1446012,2424
491,251046,2424
492,391710,2424
493,294209,2424
494,226809,2424
495,343796,2463
496,232692,2463
497,262833,2463
498,5846536,2463
499,390517,2463
500,219721,2463
501,222578,2463
502,192407,2463
503,190412,2463
504,212324,2463
505,260468,2463
506,1902675,2503
507,214159,2503
508,354130,2503
509,227610,2503
510,290540,2503
511,934949,2503
512,332258,2503
513,331607,2503
514,294559,2503
515,218208,2503
516,215892,2503
517,240531,2503
518,256378,2503
519,358411,2503
520,194592,2503
521,192537,2503
522,215271,2503
523,235329,2503
524,238225,2503
525,371191,2503
526,377346,2503
527,389404,2503
528,232181,2503
529,210229,2503
530,722745,2503
531,448464,2503
532,227600,2503
533,233234,2503
534,285417,2503
535,396271,2503
536,597538,2503
537,214509,2503
538,181321,2503
539,188968,2503
540,1510636,2503
541,353028,2503
542,335516,2503
543,305545,2503
544,205036,2503
545,677739,2503
546,190803,2503
547,1186596,2547
548,223190,2547
549,324179,2547
550,371071,2547
551,275694,2547
552,398946,2547
553,217877,2547
554,254173,2547
555,212855,2547
556,519814,2547
557,229956,2547
558,691521,2608
559,250113,2672
560,230738,2672
561,194181,2672
562,472131,2672
563,211923,2672
564,421239,2672
565,190823,2672
566,391168,2672
567,246716,2672
568,231138,2672
569,351795,2672
570,647356,2672
571,215181,2672
572,463470,2672
573,450750,2672
574,206390,2672
575,384543,2672
576,224102,2672
577,353509,2672
578,273620,2672
579,482636,2672
580,253833,2672
581,233033,2672
582,373988,2672
583,310427,2672
584,322486,2672
585,212124,2672
586,223781,2672
587,313464,2672
588,430001,2672
589,418013,2672
590,191003,2672
591,287312,2672
592,691542,2672
593,348818,2672
594,194050,2672
595,212454,2672
596,189670,2672
597,337400,2672
598,299882,2672
599,237423,2672
600,230387,2672
601,220113,2672
602,203453,2672
603,193379,2672
604,288946,2672
605,394376,2672
606,217355,2672
607,213196,2672
608,683723,2672
609,189510,2672
610,227801,2672
611,401072,2672
612,330765,2672
613,480189,2672
614,375050,2672
615,407988,2672
616,215802,2672
617,515343,2672
618,225555,2672
619,194341,2672
620,291131,2672
621,210420,2672
622,234276,2672
623,385154,2672
624,221475,2672
625,2368091,2675
626,268718,2675
627,263776,2675
628,340178,2675
629,310196,2675
630,211011,2675
631,282120,2675
632,773074,2675
633,213216,2675
634,201188,2675
635,749168,2675
636,217736,2704
637,183646,2704
638,210530,2704
639,654794,2704
640,328229,2704
641,208966,2704
642,190152,2739
643,745680,2739
644,358210,2739
645,505219,2739
646,196586,2752
647,263836,2752
648,222328,2752
649,916785,2752
650,669028,2752
651,212965,2752
652,890945,2752
653,217085,2752
654,239228,2752
655,204496,2752
656,335536,2752
657,292765,2752
658,794667,2752
659,260869,2752
660,230036,2752
661,189940,2752
662,1393237,2752
663,206891,2752
664,414845,2752
665,282681,2752
666,347996,2752
667,323026,2752
668,602901,2752
669,1383162,2771
670,412450,2771
671,217707,2771
672,210610,2835
673,234156,2921
674,191444,2921
675,416880,2921
676,327839,2921
677,599272,2921
678,297355,2921
679,257120,2952
680,256539,2952
681,242937,2952
682,223120,2952
683,258523,2952
684,458578,2952
685,375862,2952
686,273268,2952
687,321934,2952
688,289036,2952
689,253572,2952
690,243578,2952
691,274682,2952
692,548612,2952
693,823465,2952
694,422523,2952
695,381646,2952
696,234787,2952
697,643557,2952
698,233083,2952
699,315919,2952
700,243348,2952
701,212063,2952
702,337461,2952
703,207642,2952
704,212735,2952
705,202380,2952
706,1003071,2952
707,193970,2952
708,222739,2952
709,251216,2952
710,246475,2952
711,389655,2952
712,415616,2952
713,371021,2952
714,327397,2952
715,436326,2952
716,205969,2952
717,195895,2952
718,257742,2952
719,241263,2952
720,462848,2952
721,221666,2952
722,811767,2952
723,221145,2952
724,538819,2952
725,228502,2952
726,191976,2952
727,309314,2952
728,239819,2952
729,202531,2952
730,193860,2952
731,1023088,2952
732,190241,2952
733,447332,2952
734,410094,2952
735,494324,2952
736,198702,2952
737,323558,2952
738,383370,2952
739,879397,2952
740,308863,2952
741,364284,2952
742,481553,2952
743,187666,2952
744,283814,2952
745,622256,2952
746,245924,2952
747,483157,2952
748,239468,2952
749,563477,2952
750,212063,2952
751,213747,2952
752,362831,2952
753,273058,2952
754,220643,2952
755,1650157,2952
756,994601,2952
757,420989,2952
758,349580,2952
759,195153,2952
760,193479,2952
761,263004,2952
762,188768,2952
763,192888,2952
764,228141,2952
765,505600,2952
766,341200,2952
767,260669,2952
768,191655,2952
769,194021,2952
770,290489,2952
771,247097,2952
772,240330,2952
773,193699,2967
774,379902,2967
775,214158,2967
776,644991,2967
777,318746,2967
778,215451,2967
779,409512,2967
780,259797,2967
781,223049,2967
782,242566,2967
783,269690,2967
784,286079,2967
785,493150,2967
786,231400,2967
787,237273,2967
788,243438,2967
789,849907,2967
790,225675,2967
791,211472,2967
792,243207,2967
793,571476,2967
794,205748,2967
795,212023,2967
796,221997,2967
797,222828,2967
798,225054,2967
799,442972,2967
800,444745,2967
801,234316,2967
802,367743,2967
803,190963,2967
804,186122,2967
805,292083,2967
806,343245,2967
807,365147,2967
808,337411,2967
809,1608558,2967
810,273699,2967
811,191174,2967
812,221917,2967
813,290479,2967
814,196417,2967
815,264708,2967
816,191004,2967
817,231118,2967
818,221275,2967
819,1035357,2967
820,227801,3065
821,438200,3065
822,471439,3065
823,209217,3065
824,2066675,3065
825,213105,3065
826,262723,3065
827,193369,3065
828,390998,3065
829,190493,3065
830,236411,3065
831,230677,3065
832,218028,3065
833,184548,3065
834,192717,3065
835,236571,3065
836,913798,3065
837,304903,3065
838,390427,3065
839,227740,3065
840,226428,3065
841,253592,3065
842,241453,3065
843,187375,3065
844,465545,3065
845,377175,3065
846,325042,3065
847,206440,3065
848,215712,3065
849,242626,3065
850,248260,3065
851,559257,3065
852,296563,3065
853,191524,3065
854,288675,3065
855,357889,3065
856,262663,3065
857,448645,3065
858,189329,3065
859,725532,3065
860,434390,3065
861,195464,3065
862,694408,3065
863,203603,3065
864,296624,3065
865,225034,3065
866,217436,3065
867,306207,3065
868,384513,3065
869,228773,3065
870,192307,3065
871,304383,3065
872,227059,3065
873,357398,3065
874,240291,3065
875,494925,3065
876,292555,3065
877,231690,3065
878,257862,3065
879,274542,3065
880,335587,3065
881,2080939,3065
882,267114,3065
883,305175,3065
884,640881,3065
885,275444,3065
886,228683,3065
887,1328243,3101
888,224262,3101
889,203223,3101
890,332068,3101
891,210740,3101
892,304974,3101
893,221004,3101
894,593508,3101
895,732468,3101
896,335416,3101
897,195534,3101
898,339887,3101
899,295752,3101
900,536263,3101
901,390116,3101
902,187816,3101
903,236562,3101
904,349560,3101
905,273570,3101
906,246936,3101
907,242485,3101
908,288525,3101
909,260849,3101
910,692945,3101
911,254283,3101
912,249853,3101
913,214349,3101
914,197138,3101
915,1486027,3101
916,363994,3101
917,386087,3101
918,331678,3101
919,307279,3101
920,208736,3101
921,223129,3101
922,286109,3101
923,426121,3101
924,235138,3101
925,234457,3101
926,211863,3101
927,287542,3101
928,248821,3101
929,463209,3101
930,238386,3101
931,260709,3101
932,307459,3101
933,741179,3101
934,293837,3101
935,310868,3101
936,347545,3101
937,352627,3101
938,501721,3101
939,698949,3101
940,433860,3101
941,229716,3101
942,270272,3101
943,742221,3101
944,220342,3101
945,407748,3101
946,227780,3101
947,234437,3101
948,316461,3101
949,263385,3101
950,662172,3101
951,921788,3101
952,255626,3101
953,315760,3101
954,301124,3101
955,430922,3101
956,234356,3101
957,248650,3101
958,232201,3101
959,381375,3101
960,264047,3101
961,189891,3101
962,319468,3101
963,238375,3101
964,268076,3101
965,1233778,3101
966,482064,3101
967,494744,3101
968,310817,3101
969,227500,3101
970,280867,3101
971,916034,3101
972,11536471,3101
973,295802,3101
974,214980,3101
975,270633,3101
976,340910,3101
977,223520,3101
978,192968,3101
979,363934,3101
980,268778,3101
981,485923,3101
982,771801,3101
983,190933,3101
984,204395,3101
985,236762,3101
986,264708,3101
987,1720613,3200
988,358992,3200
989,202100,3200
990,248269,3200
991,542979,3200
992,540513,3200
993,1079943,3200
994,335817,3200
995,278200,3200
996,204255,3200
997,338604,3200
998,385655,3200
999,266422,3200
1000,217106,3200
1001,315199,3200
1002,471419,3200
1003,268078,3200
1004,425439,3200
1005,227075,3200
1006,538469,3200
1007,236303,3200
1008,211015,3200
1009,369192,3200
1010,731792,3218
1011,231143,3218
1012,202279,3218
1013,314830,3218
1014,278151,3218
1015,371357,3218
1016,453079,3218
1017,187271,3218
1018,591008,3239
1019,191839,3239
1020,269555,3239
1021,467747,3239
1022,296596,3239
1023,311605,3239
1024,588332,3239
1025,306985,3239
1026,286407,3239
1027,273072,3239
1028,424756,3239
1029,806432,3239
1030,991669,3239
1031,253615,3239
1032,410320,3239
1033,616996,3239
1034,190266,3239
1035,598872,3286
1036,226104,3286
1037,222718,3286
1038,197901,3286
1039,252934,3286
1040,191439,3286
1041,193233,3286
1042,307446,3286
1043,612959,3286
1044,636333,3286
1045,238577,3286
1046,238397,3286
1047,236954,3286
1048,379100,3286
1049,430347,3286
1050,568225,3286
1051,344406,3286
1052,277059,3286
1053,330178,3286
1054,212177,3286
1055,244939,3286
1056,1151989,3370
1057,320641,3370
1058,289272,3370
1059,602229,3370
1060,680696,3370
1061,191989,3370
1062,286847,3370
1063,321853,3370
1064,715661,3370
1065,310532,3370
1066,870843,3370
1067,280746,3370
1068,223749,3370
1069,358031,3370
1070,185878,3370
1071,282089,3370
1072,316243,3370
1073,265427,3370
1074,218520,3370
1075,225914,3370
1076,228539,3370
1077,217598,3370
1078,223990,3370
1079,310382,3370
1080,210955,3370
1081,413114,3370
1082,246121,3370
1083,217057,3370
1084,733094,3370
1085,961021,3370
1086,267592,3370
1087,228618,3370
1088,436328,3370
1089,192871,3370
1090,235501,3370
1091,453550,3370
1092,212068,3370
1093,510638,3370
1094,225653,3370
1095,580288,3370
1096,1553652,3436
1097,342502,3436
1098,378309,3436
1099,290915,3436
1100,199134,3436
1101,289232,3436
1102,252303,3436
1103,237515,3436
1104,333055,3436
1105,258464,3436
1106,203191,3436
1107,219421,3436
1108,527899,3436
1109,428423,3436
1110,537647,3436
1111,287849,3436
1112,252954,3436
1113,391975,3436
1114,360556,3436
1115,413706,3436
1116,228254,3436
1117,235223,3436
1118,634923,3494
1119,216217,3494
1120,259126,3494
1121,288176,3494
1122,397577,3494
1123,592845,3494
1124,286123,3494
1125,238268,3494
1126,378520,3494
1127,203110,3494
1128,303547,3494
1129,196340,3494
1130,361187,3494
1131,214185,3494
1132,273797,3494
1133,438633,3494
1134,214355,3494
1135,462295,3494
1136,408992,3494
1137,1150462,3494
1138,339056,3494
1139,294876,3494
1140,201727,3494
1141,321502,3494
1142,194167,3494
1143,313090,3494
1144,480631,3494
1145,237267,3494
1146,354708,3494
1147,251887,3494
1148,337544,3494
1149,352955,3494
1150,398668,3494
1151,210480,3494
1152,451952,3494
1153,618630,3494
1154,258125,3494
1155,192825,3494
1156,224108,3494
1157,190472,3494
1158,658005,3494
1159,383767,3494
1160,559239,3494
1161,619001,3494
1162,218670,3505
1163,203590,3505
1164,296818,3505
1165,188579,3505
1166,194447,3505
1167,224458,3505
1168,236625,3505
1169,298250,3505
1170,234613,3505
1171,230847,3551
1172,872780,3551
1173,190482,3551
1174,304739,3551
1175,262240,3551
1176,269822,3551
1177,1006363,3551
1178,636205,3551
1179,300854,3551
1180,891917,3551
1181,270622,3551
1182,620103,3551
1183,252948,3551
1184,333088,3551
1185,189911,3551
1186,226321,3551
1187,282138,3551
1188,365793,3551
1189,238568,3551
1190,282629,3551
1191,1339922,3551
1192,496283,3551
1193,248181,3551
1194,275029,3551
1195,186496,3551
1196,213654,3551
1197,245198,3551
1198,300323,3551
1199,213915,3551
1200,215386,3551
1201,526103,3551
1202,197322,3551
1203,230347,3551
1204,331646,3551
1205,200826,3551
1206,233311,3551
1207,202128,3551
1208,243245,3551
1209,189350,3551
1210,1165473,3551
1211,233921,3551
1212,199585,3551
1213,228335,3551
1214,299231,3551
1215,479289,3551
1216,1426292,3551
1217,289428,3551
1218,286844,3551
1219,199144,3551
1220,187377,3551
1221,290069,3551
1222,214595,3551
1223,297079,3551
1224,213674,3551
1225,563615,3551
1226,188259,3551
1227,320951,3551
1228,367065,3551
1229,1081517,3608
1230,201336,3608
1231,278072,3608
1232,480300,3608
1233,295547,3608
1234,215046,3608
1235,224599,3608
1236,189060,3608
1237,493959,3608
1238,275809,3608
1239,215366,3608
1240,196821,3608
1241,193346,3608
1242,207695,3608
1243,255481,3608
1244,264373,3608
1245,191153,3608
1246,187899,3608
1247,218921,3608
1248,222906,3608
1249,414921,3608
1250,1213709,3608
1251,2159751,3676
1252,272145,3676
1253,192916,3676
1254,195649,3676
1255,267908,3676
1256,320972,3676
1257,810335,3676
1258,233711,3676
1259,216348,3676
1260,419637,3676
1261,195519,3676
1262,551068,3676
1263,497114,3676
1264,460363,3676
1265,558879,3676
1266,326299,3676
1267,189381,3676
1268,353936,3676
1269,192605,3676
1270,362318,3676
1271,609719,3676
1272,190212,3676
1273,189190,3676
1274,323335,3676
1275,234082,3676
1276,505305,3676
1277,478518,3676
1278,372282,3676
1279,193777,3676
1280,448336,3676
1281,1254896,3727
1282,285292,3727
1283,1053068,3727
1284,249874,3727
1285,233592,3727
1286,244076,3727
1287,237066,3727
1288,273236,3727
1289,192114,3727
1290,230657,3727
1291,239089,3727
1292,239188,3727
1293,232399,3727
1294,190392,3727
1295,349941,3727
1296,325447,3727
1297,484877,3727
1298,606083,3727
1299,229496,3727
1300,336883,3727
1301,240541,3727
1302,473921,3727
1303,498376,3727
1304,191854,3727
1305,212202,3727
1306,196060,3727
1307,707113,3727
1308,222536,3727
1309,190242,3727
1310,269521,3727
1311,230958,3727
1312,219182,3727
1313,276400,3727
1314,270823,3727
1315,383498,3727
1316,775256,3727
1317,252137,3727
1318,190512,3727
1319,358743,3727
1320,675610,3727
1321,290590,3727
1322,226191,3727
1323,270833,3727
1324,340368,3727
1325,356780,3727
1326,368467,3727
1327,192535,3727
1328,914538,3727
1329,1112079,3727
1330,247200,3727
1331,191093,3727
1332,206484,3727
1333,320481,3727
1334,493939,3727
1335,274648,3727
1336,270171,3727
1337,310027,3727
1338,263542,3727
1339,349070,3727
1340,261870,3727
1341,234984,3727
1342,201778,3727
1343,345124,3727
1344,234102,3727
1345,469435,3727
1346,192715,3727
1347,873872,3727
1348,199664,3727
1349,203290,3727
1350,436331,3727
1351,211340,3727
1352,195058,3727
1353,744394,3727
1354,191694,3727
1355,289988,3727
1356,346176,3727
1357,217138,3727
1358,215176,3727
1359,191593,3727
1360,302887,3727
1361,559540,3727
1362,219512,3727
1363,762979,3727
1364,950478,3727
1365,228724,3727
1366,216768,3727
1367,451891,3727
1368,189421,3727
1369,235303,3727
1370,193807,3727
1371,280045,3727
1372,215917,3727
1373,404356,3727
1374,1837006,3764
1375,310657,3764
1376,488632,3764
1377,510282,3764
1378,201587,3764
1379,425955,3764
1380,244566,3764
1381,195739,3764
1382,233451,3764
1383,253679,3764
1384,256653,3764
1385,212903,3764
1386,189811,3764
1387,414059,3764
1388,192625,3764
1389,268700,3764
1390,254069,3764
1391,351443,3764
1392,289609,3764
1393,234142,3764
1394,223588,3797
1395,193756,3797
1396,315815,3797
1397,242904,3797
1398,188450,3797
1399,721543,3797
1400,292643,3797
1401,243175,3797
1402,194958,3797
1403,387393,3797
1404,211821,3797
1405,192895,3797
1406,209018,3797
1407,215536,3797
1408,275138,3797
1409,188028,3797
1410,231939,3797
1411,210610,3797
1412,220633,3797
1413,199334,3797
1414,746367,3797
1415,283340,3797
1416,193496,3797
1417,426756,3797
1418,337474,3797
1419,192405,3797
1420,215196,3797
1421,1425581,3797
1422,541244,3797
1423,241122,3797
1424,433586,3797
1425,191153,3797
1426,301244,3797
1427,1819642,3797
1428,327089,3797
1429,249433,3797
1430,419127,3797
1431,309917,3797
1432,349431,3797
1433,332367,3797
1434,197371,3797
1435,232680,3797
1436,408101,3797
1437,256152,3797
1438,1136603,3904
1439,323665,3904
1440,304599,3904
1441,199114,3904
1442,241082,3904
1443,226762,3904
1444,213714,3904
1445,187778,3904
1446,246579,3904
1447,533433,3904
1448,233481,3904
1449,281487,3904
1450,414760,3904
1451,549946,3904
1452,863828,3904
1453,411255,3904
1454,481081,3904
1455,307442,3904
1456,548023,3904
1457,182832,3904
1458,391779,3904
1459,404577,3904
1460,195649,3904
1461,281377,3904
1462,238658,3904
1463,329003,3904
1464,231879,3904
1465,333759,3904
1466,336333,3904
1467,383597,3904
1468,819547,3904
1469,196030,3904
1470,225160,3904
1471,195999,3904
1472,676110,3904
1473,241873,3904
1474,357611,3904
1475,202878,3904
1476,669942,3904
1477,273206,3904
1478,209729,3904
1479,580328,3904
1480,190382,3904
1481,312721,3904
1482,263342,3904
1483,230377,3904
1484,321292,3904
1485,188159,3904
1486,334931,3904
1487,213473,3904
1488,205693,3904
1489,230007,3904
1490,210039,3904
1491,983833,3904
1492,350582,3904
1493,314743,3904
1494,224940,3904
1495,202709,3904
1496,870868,3904
1497,214535,3904
1498,1725373,3904
1499,268629,3904
1500,212292,3904
1501,302697,3904
1502,191864,3904
1503,240601,3904
1504,218410,3904
1505,458080,3904
1506,225930,3904
1507,330544,3904
1508,809062,3904
1509,253839,3904
1510,195899,3904
1511,320771,3904
1512,252968,3951
1513,190653,3951
1514,290820,3951
1515,234061,3951
1516,258426,3951
1517,658837,3951
1518,198523,3951
1519,188860,3951
1520,634933,3951
1521,750502,3951
1522,215937,3951
1523,211622,3951
1524,451591,3951
1525,248622,3951
1526,551589,3951
1527,317567,3951
1528,266266,3951
1529,332377,3951
1530,501480,3951
1531,216988,3951
1532,198113,3951
1533,540534,3951
1534,620804,3951
1535,248642,3951
1536,1511749,3951
1537,234203,3951
1538,605713,3951
1539,194868,3951
1540,309055,3951
1541,410224,3951
1542,425735,3951
1543,192315,3951
1544,220473,3951
1545,344985,3951
1546,273125,3951
1547,244547,3951
1548,420699,3951
1549,423492,3951
1550,221645,3951
1551,361877,3951
1552,236395,3951
1553,417664,3951
1554,313231,3951
1555,266927,3951
1556,179046,3951
1557,209808,3951
1558,803365,3951
1559,407540,3951
1560,192695,3951
1561,350782,3951
1562,352785,3951
1563,541245,3951
1564,306211,3951
1565,205613,3951
1566,1280551,3951
1567,297199,3951
1568,279484,3951
1569,334521,3951
1570,223898,3951
1571,233020,3951
1572,191594,3951
1573,503622,3951
1574,234042,3951
1575,420398,3951
1576,560852,3951
1577,198963,3951
1578,195108,3951
1579,357872,3951
1580,195439,3951
1581,404286,3951
1582,363019,3951
1583,185395,3951
1584,192405,3951
1585,519955,3951
1586,470687,3951
1587,387793,3951
1588,357412,3951
1589,229085,3951
1590,230868,3951
1591,1282343,4078
1592,223107,4078
1593,208687,4078
1594,209779,4078
1595,233541,4078
1596,283470,4078
1597,210429,4078
1598,930749,4078
1599,230036,4078
1600,242053,4078
1601,237827,4078
1602,256803,4078
1603,271663,4078
1604,505946,4078
1605,234482,4078
1606,250134,4078
1607,193255,4078
1608,190012,4078
1609,481612,4078
1610,275950,4078
1611,823292,4078
1612,257124,4078
1613,561412,4078
1614,195398,4078
1615,1031518,4078
1616,197612,4078
1617,1101916,4103
1618,479940,4103
1619,225400,4103
1620,254260,4103
1621,188178,4103
1622,308955,4103
1623,231318,4103
1624,232860,4103
1625,195399,4103
1626,1319905,4112
1627,203169,4112
1628,507178,4112
1629,530850,4112
1630,210699,4112
1631,408081,4163
1632,208146,4163
1633,685963,4163
1634,264885,4163
1635,385771,4163
1636,202578,4163
1637,242484,4163
1638,494460,4163
1639,273556,4163
1640,456177,4163
1641,196170,4163
1642,246729,4163
1643,239730,4163
1644,198723,4163
1645,232891,4163
1646,193506,4163
1647,330935,4163
1648,221645,4163
1649,195759,4163
1650,299752,4163
1651,306852,4163
1652,396425,4163
1653,186456,4163
1654,214896,4163
1655,188879,4163
1656,203620,4163
1657,231858,4163
1658,189060,4163
1659,389625,4163
1660,189190,4163
1661,194478,4163
1662,189411,4163
1663,621545,4163
1664,257444,4163
1665,240891,4163
1666,193135,4163
1667,845443,4163
1668,194638,4163
1669,221355,4163
1670,343563,4163
1671,466552,4163
1672,338565,4163
1673,211140,4163
1674,276930,4163
1675,215536,4163
1676,332918,4163
1677,1675765,4165
1678,1619077,4183
1679,276250,4183
1680,764492,4183
1681,356110,4183
1682,907298,4212
1683,194918,4212
1684,229595,4212
1685,246929,4212
1686,586436,4212
1687,619952,4212
1688,191634,4212
1689,273866,4212
1690,191323,4212
1691,306111,4212
1692,224229,4212
1693,190291,4212
1694,334200,4212
1695,221144,4212
1696,339367,4212
1697,281367,4212
1698,237126,4212
1699,253809,4212
1700,538481,4212
1701,177474,4212
1702,341499,4212
1703,188509,4212
1704,312159,4212
1705,191914,4212
1706,302045,4212
1707,255061,4283
1708,224409,4283
1709,223528,4283
1710,218941,4283
1711,317867,4283
1712,953381,4283
1713,242083,4283
1714,240281,4283
1715,1250369,4283
1716,222246,4283
1717,208597,4283
1718,216168,4283
1719,336483,4283
1720,581710,4283
1721,277882,4283
1722,235724,4283
1723,206083,4283
1724,466031,4283
1725,193587,4283
1726,2691762,4374
1727,237887,4374
1728,202719,4374
1729,273776,4374
1730,726770,4374
1731,236355,4374
1732,194257,4374
1733,190211,4374
1734,315534,4374
1735,214585,4374
1736,269941,4374
1737,285322,4374
1738,197621,4374
1739,471698,4374
1740,262571,4374
1741,192415,4374
1742,274407,4374
1743,211110,4416
1744,272215,4416
1745,476055,4416
1746,437993,4416
1747,265245,4416
1748,188399,4416
1749,192946,4416
1750,254210,4416
1751,193516,4416
1752,356941,4416
1753,215396,4489
1754,749972,4489
1755,511754,4489
1756,195128,4489
1757,1200762,4489
1758,292582,4489
1759,274328,4489
1760,243846,4489
1761,317707,4489
1762,202819,4489
1763,736082,4489
1764,293784,4489
1765,734661,4489
1766,229756,4489
1767,757222,4489
1768,202849,4489
1769,287606,4489
1770,389085,4489
1771,302526,4489
1772,212162,4489
1773,305540,4489
1774,596280,4489
1775,298060,4489
1776,188539,4489
1777,199405,4489
1778,272234,4489
1779,226181,4489
1780,328342,4489
1781,703938,4489
1782,194768,4489
1783,412748,4489
1784,223467,4489
1785,262642,4489
1786,242613,4489
1787,442949,4489
1788,188369,4489
1789,211531,4489
1790,359535,4489
1791,212512,4489
1792,686054,4489
1793,269420,4489
1794,189020,4489
1795,984123,4489
1796,633241,4489
1797,314863,4489
1798,315003,4489
1799,258916,4489
1800,192055,4489
1801,333619,4489
1802,398017,4489
1803,291932,4489
1804,578185,4489
1805,190001,4489
1806,199153,4489
1807,190913,4525
1808,213253,4525
1809,224478,4525
1810,188459,4525
1811,217790,4525
1812,284471,4525
1813,636996,4525
1814,191163,4525
1815,212672,4525
1816,328932,4525
1817,229376,4525
1818,240901,4525
1819,196571,4525
1820,1095207,4525
1821,192895,4525
1822,572427,4525
1823,353707,4525
1824,384759,4525
1825,1759890,4525
1826,187929,4525
1827,193657,4525
1828,533644,4525
1829,436891,4525
1830,970525,4525
1831,211681,4525
1832,307723,4525
1833,359504,4525
1834,253349,4525
1835,433516,4525
1836,189781,4525
1837,328352,4525
1838,194037,4525
1839,229536,4525
1840,227783,4525
1841,347388,4525
1842,325808,4525
1843,189291,4525
1844,259397,4525
1845,243164,4525
1846,267438,4525
1847,311298,4525
1848,450920,4525
1849,408872,4525
1850,223818,4525
1851,385520,4525
1852,211361,4525
1853,316555,4525
1854,828489,4525
1855,191093,4525
1856,321002,4525
1857,224008,4525
1858,284421,4525
1859,277482,4525
1860,191744,4525
1861,184464,4525
1862,258395,4525
1863,292833,4525
1864,291882,4525
1865,190472,4525
1866,188519,4525
1867,202519,4525
1868,216207,4525
1869,212783,4525
1870,192635,4525
1871,294785,4525
1872,3149301,4525
1873,377139,4525
1874,227863,4525
1875,414681,4525
1876,473531,4525
1877,259818,4525
1878,221965,4525
1879,416302,4525
1880,282399,4525
1881,270271,4525
1882,319639,4525
1883,320911,4525
1884,664574,4525
1885,399679,4525
1886,221264,4525
1887,235654,4525
1888,388364,4525
1889,263252,4525
1890,612452,4525
1891,241322,4525
1892,334971,4525
1893,313581,4525
1894,209118,4525
1895,708164,4525
1896,247530,4525
1897,190522,4525
1898,191814,4525
1899,217359,4525
1900,183753,4525
1901,288908,4525
1902,406879,4525
1903,243955,4525
1904,220613,4525
1905,256202,4525
1906,191063,4525
1907,485318,4525
1908,188268,4525
1909,212803,4525
1910,274007,4525
1911,326119,4525
1912,416002,4525
1913,341960,4525
1914,816603,4525
1915,295887,4525
1916,182792,4525
1917,436390,4525
1918,184604,4525
1919,249853,4525
1920,251656,4525
1921,306802,4525
1922,191483,4525
1923,357611,4525
1924,22757006,4525
1925,287345,4525
1926,1370334,4642
1927,226712,4642
1928,210339,4642
1929,258896,4642
1930,278523,4642
1931,374475,4642
1932,320551,4642
1933,234042,4642
1934,1180714,4642
1935,212873,4642
1936,297690,4642
1937,215647,4642
1938,411356,4642
1939,215145,4642
1940,401642,4642
1941,2197943,4848
1942,1127720,4848
1943,217148,4848
1944,252548,4848
1945,187928,4848
1946,197461,4848
1947,334210,4848
1948,420098,4848
1949,254891,4848
1950,316325,4848
1951,229265,4848
1952,236115,4848
1953,190181,4848
1954,224649,4848
1955,838933,4848
1956,300673,4892
1957,294325,4892
1958,642063,4892
1959,211451,4892
1960,220133,4892
1961,197472,4892
1962,228885,4892
1963,245988,4892
1964,194868,4892
1965,519114,4892
1966,267999,4892
1967,485357,4892
1968,192575,4892
1969,595789,4894
1970,239430,4894
1971,666537,4894
1972,286033,4894
1973,217078,4894
1974,293373,4894
1975,210580,4894
1976,239099,4894
1977,364471,4894
1978,473211,4894
1979,295717,4894
1980,429110,4894
1981,231238,4894
1982,382045,4894
1983,185044,4894
1984,562774,4894
1985,376819,4894
1986,236415,4894
1987,241392,4894
1988,339327,4894
1989,433085,4894
1990,704399,4894
1991,371100,4894
1992,202279,4894
1993,382977,4894
1994,189490,4894
1995,828059,4894
1996,366825,4894
1997,215656,4894
1998,338716,4894
1999,246990,4894
2000,235304,4894
